Column Name,Data Type,Unique Values,Missing Values,Description,Sample Value
Row ID,int64,9800,0,Other information,1
Order ID,object,4922,0,Other information,CA-2017-152156
Order Date,datetime64[ns],1230,0,Date information,2017-11-08 00:00:00
Ship Date,datetime64[ns],1326,0,Date information,2017-11-11 00:00:00
Ship Mode,object,4,0,Shipping information,Second Class
Customer ID,object,793,0,Customer information,CG-12520
Customer Name,object,793,0,Customer information,Claire Gute
Segment,object,3,0,Other information,Consumer
Country,object,1,0,Other information,United States
City,object,529,0,Geographic information,Henderson
State,object,49,0,Geographic information,Kentucky
Postal Code,float64,626,0,Other information,42420.0
Region,object,4,0,Geographic information,South
Product ID,object,1861,0,Product information,FUR-BO-10001798
Category,object,3,0,Other information,Furniture
Sub-Category,object,17,0,Other information,Bookcases
Product Name,object,1849,0,Product information,Bush Somerset Collection Bookcase
Sales,float64,5757,0,Sales amount in USD,261.96
Order_Year,int32,4,0,Other information,2017
Order_Month,int32,12,0,Other information,11
Order_Quarter,int32,4,0,Other information,4
Order_Day,int32,31,0,Other information,8
Day_of_Week,object,7,0,Other information,Wednesday
Shipping_Days,int64,8,0,Shipping information,3
Shipping_On_Time,bool,1,0,Shipping information,True
Year_Month,object,48,0,Other information,2017-11
